{"cnn": {"eleuther1b": {"rouge": {"rouge1": 0.2648411725811938, "rouge2": 0.09381832710197169, "rougeL": 0.18282601747648564, "rougeLsum": 0.18325840373768898}, "bertscore": {"precision": 0.8530396234989166, "recall": 0.8624498534202576, "f1": 0.8573568445444107}, "readability": {"flesch_reading_ease": 70.36363053081172, "flesch_kincaid_grade": 8.882589694152609, "smog": 9.833532052208998, "gunning_fog": 11.778323965879077, "automated_readability_index": 11.438746698749439, "coleman_liau_index": 10.016228074391494, "lix": 44.222421996991024, "rix": 4.913555555555556}, "coherence": {"first_order_coherence": 0.7992374857731618, "second_order_coherence": 0.7528428209088153}, "sentiment": {"positive_rate": 0.42}}, "curie": {"rouge": {"rouge1": 0.3208694843107881, "rouge2": 0.1265278551141452, "rougeL": 0.21450751041668298, "rougeLsum": 0.21543013315184642}, "bertscore": {"precision": 0.8608401000499726, "recall": 0.888302788734436, "f1": 0.8741824805736542}, "readability": {"flesch_reading_ease": 66.89419602979656, "flesch_kincaid_grade": 9.825659991547385, "smog": 10.57801626075382, "gunning_fog": 12.647183926668667, "automated_readability_index": 12.671375279609636, "coleman_liau_index": 10.637266667823399, "lix": 47.35851890657384, "rix": 5.622341269841269}, "coherence": {"first_order_coherence": 0.799589254822568, "second_order_coherence": 0.7862166883480369}, "sentiment": {"positive_rate": 0.41}}, "style_curie": {"rouge": {"rouge1": 0.3167528418671507, "rouge2": 0.10955927344407046, "rougeL": 0.21438368837339727, "rougeLsum": 0.21391087777719048}, "bertscore": {"precision": 0.8704450011253357, "recall": 0.8819353538751602, "f1": 0.8759288287162781}, "readability": {"flesch_reading_ease": 65.18070794571676, "flesch_kincaid_grade": 9.986788803642572, "smog": 10.91579412879337, "gunning_fog": 12.81713793274909, "automated_readability_index": 12.886972301733788, "coleman_liau_index": 11.105280934919, "lix": 48.346124075252774, "rix": 5.807142857142858}, "coherence": {"first_order_coherence": 0.8080558107331482, "second_order_coherence": 0.8023862860936632}, "sentiment": {"positive_rate": 0.46}}, "davinci": {"rouge": {"rouge1": 0.34289394879496843, "rouge2": 0.12970010074846672, "rougeL": 0.22906375282907865, "rougeLsum": 0.22906396614849656}, "bertscore": {"precision": 0.8670049208402634, "recall": 0.8939856702089309, "f1": 0.8802259343862534}, "readability": {"flesch_reading_ease": 65.48524837081499, "flesch_kincaid_grade": 9.661417224874505, "smog": 10.852651932840493, "gunning_fog": 12.426946259910153, "automated_readability_index": 12.422230932919922, "coleman_liau_index": 11.191639566676283, "lix": 47.124690434111415, "rix": 5.53}, "coherence": {"first_order_coherence": 0.7909908747176331, "second_order_coherence": 0.7918473167050165}, "sentiment": {"positive_rate": 0.49}}, "style_davinci": {"rouge": {"rouge1": 0.3280254950963726, "rouge2": 0.11647692956672623, "rougeL": 0.21661653588085594, "rougeLsum": 0.21733509412900465}, "bertscore": {"precision": 0.8636375260353089, "recall": 0.8936672323942184, "f1": 0.8783296030759812}, "readability": {"flesch_reading_ease": 62.00420624721866, "flesch_kincaid_grade": 10.744794382775655, "smog": 11.450903877947084, "gunning_fog": 13.515206156478321, "automated_readability_index": 13.72820497699792, "coleman_liau_index": 11.44098483653246, "lix": 50.26463243477774, "rix": 6.332999999999999}, "coherence": {"first_order_coherence": 0.8101064193248747, "second_order_coherence": 0.8101470645027932}, "sentiment": {"positive_rate": 0.5}}, "brio": {"rouge": {"rouge1": 0.43523378227410847, "rouge2": 0.21007452299515028, "rougeL": 0.3103458816603337, "rougeLsum": 0.31063397172996143}, "bertscore": {"precision": 0.8639733493328094, "recall": 0.8880087530612946, "f1": 0.875753625035286}, "readability": {"flesch_reading_ease": 74.99319346916725, "flesch_kincaid_grade": 6.661200819734533, "smog": 9.357904575163754, "gunning_fog": 9.588712700977187, "automated_readability_index": 8.615143896910803, "coleman_liau_index": 10.034259689593895, "lix": 39.005719341793885, "rix": 3.637738095238096}, "coherence": {"first_order_coherence": 0.7531361612578233, "second_order_coherence": 0.7449469690724295}, "sentiment": {"positive_rate": 0.42}}}, "xsum": {"eleuther1b": {"rouge": {"rouge1": 0.19216575193822238, "rouge2": 0.03665673412449484, "rougeL": 0.1423462274260064, "rougeLsum": 0.14198781420453652}, "bertscore": {"precision": 0.8524647700786591, "recall": 0.8576820302009582, "f1": 0.8548228120803834}, "readability": {"flesch_reading_ease": 73.02106393620511, "flesch_kincaid_grade": 7.714781222058076, "smog": 8.156725610938903, "gunning_fog": 10.465841638920779, "automated_readability_index": 9.405096974393818, "coleman_liau_index": 9.220309527287577, "lix": 40.32247676214457, "rix": 4.0275}, "coherence": {"first_order_coherence": 0.7585859832453862, "second_order_coherence": 0.6770894302185191}, "sentiment": {"positive_rate": 0.47}}, "curie": {"rouge": {"rouge1": 0.23115598888397185, "rouge2": 0.044858632564158674, "rougeL": 0.164918534750292, "rougeLsum": 0.16421710252646493}, "bertscore": {"precision": 0.8661361438035965, "recall": 0.8705973428487778, "f1": 0.8681318771839142}, "readability": {"flesch_reading_ease": 66.62553934642159, "flesch_kincaid_grade": 9.455830721578712, "smog": 10.6614642963235, "gunning_fog": 12.232491776390265, "automated_readability_index": 12.03329594501812, "coleman_liau_index": 10.719769844668452, "lix": 46.39463751249732, "rix": 5.3375}, "coherence": {"first_order_coherence": 0.7935513108140894, "second_order_coherence": 0.7887268075719476}, "sentiment": {"positive_rate": 0.44}}, "style_curie": {"rouge": {"rouge1": 0.23896175269500464, "rouge2": 0.0557881123766085, "rougeL": 0.1707415487312103, "rougeLsum": 0.1706985123628815}, "bertscore": {"precision": 0.8691867411136627, "recall": 0.8735993933677674, "f1": 0.8711562383174897}, "readability": {"flesch_reading_ease": 63.13065197067464, "flesch_kincaid_grade": 10.145973040733328, "smog": 11.261704438426527, "gunning_fog": 13.076501664321668, "automated_readability_index": 13.134913873684484, "coleman_liau_index": 11.648516844091604, "lix": 49.383179529749306, "rix": 6.121944444444445}, "coherence": {"first_order_coherence": 0.7971991241429791, "second_order_coherence": 0.7885265817411807}, "sentiment": {"positive_rate": 0.49}}, "davinci": {"rouge": {"rouge1": 0.2599762941367614, "rouge2": 0.07381273991352431, "rougeL": 0.18514225028544784, "rougeLsum": 0.18537452282546824}, "bertscore": {"precision": 0.8678686803579331, "recall": 0.8797610068321228, "f1": 0.873605780005455}, "readability": {"flesch_reading_ease": 51.529935342871894, "flesch_kincaid_grade": 14.157021607022598, "smog": 0, "gunning_fog": 17.140731234794192, "automated_readability_index": 18.119577673837593, "coleman_liau_index": 12.2838147032325, "lix": 59.179880068063746, "rix": 8.585}, "coherence": {"first_order_coherence": 0.6038962602615356, "second_order_coherence": 0.536014162003994}, "sentiment": {"positive_rate": 0.54}}, "style_davinci": {"rouge": {"rouge1": 0.25009661854135723, "rouge2": 0.05730849149783705, "rougeL": 0.17285115033414994, "rougeLsum": 0.1725305786835173}, "bertscore": {"precision": 0.8620074087381363, "recall": 0.8811299568414688, "f1": 0.8713055205345154}, "readability": {"flesch_reading_ease": 41.701415322805495, "flesch_kincaid_grade": 17.025922862776547, "smog": 0, "gunning_fog": 20.082821195228732, "automated_readability_index": 21.644819662872333, "coleman_liau_index": 13.091250236901006, "lix": 66.59027826919984, "rix": 10.77}, "coherence": {"first_order_coherence": 0.5906576414903004, "second_order_coherence": 0.5481462776660919}, "sentiment": {"positive_rate": 0.51}}, "brio": {"rouge": {"rouge1": 0.4178365962003149, "rouge2": 0.1941642943130354, "rougeL": 0.3313473962695538, "rougeLsum": 0.33081102772975807}, "bertscore": {"precision": 0.9117612355947494, "recall": 0.9043348789215088, "f1": 0.9078872925043107},